signal,pin,io_standard,supply,source
SW[0],PIN_AB28,2.5 V,JP7=2.5V,https://drive.google.com/file/d/1oxiqKtVPTX-NDUOqMl7d9wLqDDCVz0Y6/view
SW[1],PIN_AC28,2.5 V,JP7=2.5V,https://drive.google.com/file/d/1oxiqKtVPTX-NDUOqMl7d9wLqDDCVz0Y6/view
SW[2],PIN_AC27,2.5 V,JP7=2.5V,https://drive.google.com/file/d/1oxiqKtVPTX-NDUOqMl7d9wLqDDCVz0Y6/view
SW[3],PIN_AD27,2.5 V,JP7=2.5V,https://drive.google.com/file/d/1oxiqKtVPTX-NDUOqMl7d9wLqDDCVz0Y6/view
SW[4],PIN_AB27,2.5 V,JP7=2.5V,https://drive.google.com/file/d/1oxiqKtVPTX-NDUOqMl7d9wLqDDCVz0Y6/view
SW[5],PIN_AC26,2.5 V,JP7=2.5V,https://drive.google.com/file/d/1oxiqKtVPTX-NDUOqMl7d9wLqDDCVz0Y6/view
SW[6],PIN_AD26,2.5 V,JP7=2.5V,https://drive.google.com/file/d/1oxiqKtVPTX-NDUOqMl7d9wLqDDCVz0Y6/view
SW[7],PIN_AB26,2.5 V,JP7=2.5V,https://drive.google.com/file/d/1oxiqKtVPTX-NDUOqMl7d9wLqDDCVz0Y6/view
SW[8],PIN_AC25,2.5 V,JP7=2.5V,https://drive.google.com/file/d/1oxiqKtVPTX-NDUOqMl7d9wLqDDCVz0Y6/view
SW[9],PIN_AB25,2.5 V,JP7=2.5V,https://drive.google.com/file/d/1oxiqKtVPTX-NDUOqMl7d9wLqDDCVz0Y6/view
SW[10],PIN_AC24,2.5 V,JP7=2.5V,https://drive.google.com/file/d/1oxiqKtVPTX-NDUOqMl7d9wLqDDCVz0Y6/view
SW[11],PIN_AB24,2.5 V,JP7=2.5V,https://drive.google.com/file/d/1oxiqKtVPTX-NDUOqMl7d9wLqDDCVz0Y6/view
SW[12],PIN_AB23,2.5 V,JP7=2.5V,https://drive.google.com/file/d/1oxiqKtVPTX-NDUOqMl7d9wLqDDCVz0Y6/view
SW[13],PIN_AA24,2.5 V,JP7=2.5V,https://drive.google.com/file/d/1oxiqKtVPTX-NDUOqMl7d9wLqDDCVz0Y6/view
SW[14],PIN_AA23,2.5 V,JP7=2.5V,https://drive.google.com/file/d/1oxiqKtVPTX-NDUOqMl7d9wLqDDCVz0Y6/view
SW[15],PIN_AA22,2.5 V,JP7=2.5V,https://drive.google.com/file/d/1oxiqKtVPTX-NDUOqMl7d9wLqDDCVz0Y6/view
SW[16],PIN_Y24,2.5 V,JP7=2.5V,https://drive.google.com/file/d/1oxiqKtVPTX-NDUOqMl7d9wLqDDCVz0Y6/view
SW[17],PIN_Y23,2.5 V,JP7=2.5V,https://drive.google.com/file/d/1oxiqKtVPTX-NDUOqMl7d9wLqDDCVz0Y6/view
LEDR[0],PIN_G19,2.5 V,fixo,https://drive.google.com/file/d/1oxiqKtVPTX-NDUOqMl7d9wLqDDCVz0Y6/view
LEDR[1],PIN_F19,2.5 V,fixo,https://drive.google.com/file/d/1oxiqKtVPTX-NDUOqMl7d9wLqDDCVz0Y6/view
LEDR[2],PIN_E19,2.5 V,fixo,https://drive.google.com/file/d/1oxiqKtVPTX-NDUOqMl7d9wLqDDCVz0Y6/view
LEDR[3],PIN_F21,2.5 V,fixo,https://drive.google.com/file/d/1oxiqKtVPTX-NDUOqMl7d9wLqDDCVz0Y6/view
LEDR[4],PIN_F18,2.5 V,fixo,https://drive.google.com/file/d/1oxiqKtVPTX-NDUOqMl7d9wLqDDCVz0Y6/view
LEDR[5],PIN_E18,2.5 V,fixo,https://drive.google.com/file/d/1oxiqKtVPTX-NDUOqMl7d9wLqDDCVz0Y6/view
LEDR[6],PIN_J19,2.5 V,fixo,https://drive.google.com/file/d/1oxiqKtVPTX-NDUOqMl7d9wLqDDCVz0Y6/view
LEDR[7],PIN_H19,2.5 V,fixo,https://drive.google.com/file/d/1oxiqKtVPTX-NDUOqMl7d9wLqDDCVz0Y6/view
LEDR[8],PIN_J17,2.5 V,fixo,https://drive.google.com/file/d/1oxiqKtVPTX-NDUOqMl7d9wLqDDCVz0Y6/view
LEDR[9],PIN_G17,2.5 V,fixo,https://drive.google.com/file/d/1oxiqKtVPTX-NDUOqMl7d9wLqDDCVz0Y6/view
LEDR[10],PIN_J15,2.5 V,fixo,https://drive.google.com/file/d/1oxiqKtVPTX-NDUOqMl7d9wLqDDCVz0Y6/view
LEDR[11],PIN_H16,2.5 V,fixo,https://drive.google.com/file/d/1oxiqKtVPTX-NDUOqMl7d9wLqDDCVz0Y6/view
LEDR[12],PIN_J16,2.5 V,fixo,https://drive.google.com/file/d/1oxiqKtVPTX-NDUOqMl7d9wLqDDCVz0Y6/view
LEDR[13],PIN_H17,2.5 V,fixo,https://drive.google.com/file/d/1oxiqKtVPTX-NDUOqMl7d9wLqDDCVz0Y6/view
LEDR[14],PIN_F15,2.5 V,fixo,https://drive.google.com/file/d/1oxiqKtVPTX-NDUOqMl7d9wLqDDCVz0Y6/view
LEDR[15],PIN_G15,2.5 V,fixo,https://drive.google.com/file/d/1oxiqKtVPTX-NDUOqMl7d9wLqDDCVz0Y6/view
LEDR[16],PIN_G16,2.5 V,fixo,https://drive.google.com/file/d/1oxiqKtVPTX-NDUOqMl7d9wLqDDCVz0Y6/view
LEDR[17],PIN_H15,2.5 V,fixo,https://drive.google.com/file/d/1oxiqKtVPTX-NDUOqMl7d9wLqDDCVz0Y6/view
LEDG[0],PIN_E21,2.5 V,fixo,https://drive.google.com/file/d/1oxiqKtVPTX-NDUOqMl7d9wLqDDCVz0Y6/view
LEDG[1],PIN_E22,2.5 V,fixo,https://drive.google.com/file/d/1oxiqKtVPTX-NDUOqMl7d9wLqDDCVz0Y6/view
LEDG[2],PIN_E25,2.5 V,fixo,https://drive.google.com/file/d/1oxiqKtVPTX-NDUOqMl7d9wLqDDCVz0Y6/view
LEDG[3],PIN_E24,2.5 V,fixo,https://drive.google.com/file/d/1oxiqKtVPTX-NDUOqMl7d9wLqDDCVz0Y6/view
LEDG[4],PIN_H21,2.5 V,fixo,https://drive.google.com/file/d/1oxiqKtVPTX-NDUOqMl7d9wLqDDCVz0Y6/view
LEDG[5],PIN_G20,2.5 V,fixo,https://drive.google.com/file/d/1oxiqKtVPTX-NDUOqMl7d9wLqDDCVz0Y6/view
LEDG[6],PIN_G22,2.5 V,fixo,https://drive.google.com/file/d/1oxiqKtVPTX-NDUOqMl7d9wLqDDCVz0Y6/view
LEDG[7],PIN_G21,2.5 V,fixo,https://drive.google.com/file/d/1oxiqKtVPTX-NDUOqMl7d9wLqDDCVz0Y6/view
LEDG[8],PIN_F17,2.5 V,fixo,https://drive.google.com/file/d/1oxiqKtVPTX-NDUOqMl7d9wLqDDCVz0Y6/view
HEX0[0],PIN_G18,2.5 V,fixo,https://drive.google.com/file/d/1oxiqKtVPTX-NDUOqMl7d9wLqDDCVz0Y6/view
HEX0[1],PIN_F22,2.5 V,fixo,https://drive.google.com/file/d/1oxiqKtVPTX-NDUOqMl7d9wLqDDCVz0Y6/view
HEX0[2],PIN_E17,2.5 V,fixo,https://drive.google.com/file/d/1oxiqKtVPTX-NDUOqMl7d9wLqDDCVz0Y6/view
HEX0[3],PIN_L26,2.5 V,JP7=2.5V,https://drive.google.com/file/d/1oxiqKtVPTX-NDUOqMl7d9wLqDDCVz0Y6/view
HEX0[4],PIN_L25,2.5 V,JP7=2.5V,https://drive.google.com/file/d/1oxiqKtVPTX-NDUOqMl7d9wLqDDCVz0Y6/view
HEX0[5],PIN_J22,2.5 V,JP7=2.5V,https://drive.google.com/file/d/1oxiqKtVPTX-NDUOqMl7d9wLqDDCVz0Y6/view
HEX0[6],PIN_H22,2.5 V,JP7=2.5V,https://drive.google.com/file/d/1oxiqKtVPTX-NDUOqMl7d9wLqDDCVz0Y6/view
HEX1[0],PIN_M24,2.5 V,JP7=2.5V,https://drive.google.com/file/d/1oxiqKtVPTX-NDUOqMl7d9wLqDDCVz0Y6/view
HEX1[1],PIN_Y22,2.5 V,JP7=2.5V,https://drive.google.com/file/d/1oxiqKtVPTX-NDUOqMl7d9wLqDDCVz0Y6/view
HEX1[2],PIN_W21,2.5 V,JP7=2.5V,https://drive.google.com/file/d/1oxiqKtVPTX-NDUOqMl7d9wLqDDCVz0Y6/view
HEX1[3],PIN_W22,2.5 V,JP7=2.5V,https://drive.google.com/file/d/1oxiqKtVPTX-NDUOqMl7d9wLqDDCVz0Y6/view
HEX1[4],PIN_W25,2.5 V,JP7=2.5V,https://drive.google.com/file/d/1oxiqKtVPTX-NDUOqMl7d9wLqDDCVz0Y6/view
HEX1[5],PIN_U23,2.5 V,JP7=2.5V,https://drive.google.com/file/d/1oxiqKtVPTX-NDUOqMl7d9wLqDDCVz0Y6/view
HEX1[6],PIN_U24,2.5 V,JP7=2.5V,https://drive.google.com/file/d/1oxiqKtVPTX-NDUOqMl7d9wLqDDCVz0Y6/view
HEX2[0],PIN_AA25,2.5 V,JP7=2.5V,https://drive.google.com/file/d/1oxiqKtVPTX-NDUOqMl7d9wLqDDCVz0Y6/view
HEX2[1],PIN_AA26,2.5 V,JP7=2.5V,https://drive.google.com/file/d/1oxiqKtVPTX-NDUOqMl7d9wLqDDCVz0Y6/view
HEX2[2],PIN_Y25,2.5 V,JP7=2.5V,https://drive.google.com/file/d/1oxiqKtVPTX-NDUOqMl7d9wLqDDCVz0Y6/view
HEX2[3],PIN_W26,2.5 V,JP7=2.5V,https://drive.google.com/file/d/1oxiqKtVPTX-NDUOqMl7d9wLqDDCVz0Y6/view
HEX2[4],PIN_Y26,2.5 V,JP7=2.5V,https://drive.google.com/file/d/1oxiqKtVPTX-NDUOqMl7d9wLqDDCVz0Y6/view
HEX2[5],PIN_W27,2.5 V,JP7=2.5V,https://drive.google.com/file/d/1oxiqKtVPTX-NDUOqMl7d9wLqDDCVz0Y6/view
HEX2[6],PIN_W28,2.5 V,JP7=2.5V,https://drive.google.com/file/d/1oxiqKtVPTX-NDUOqMl7d9wLqDDCVz0Y6/view
HEX3[0],PIN_V21,2.5 V,JP7=2.5V,https://drive.google.com/file/d/1oxiqKtVPTX-NDUOqMl7d9wLqDDCVz0Y6/view
HEX3[1],PIN_U21,2.5 V,JP7=2.5V,https://drive.google.com/file/d/1oxiqKtVPTX-NDUOqMl7d9wLqDDCVz0Y6/view
HEX3[2],PIN_AB20,3.3-V LVTTL,JP6=3.3V,https://drive.google.com/file/d/1oxiqKtVPTX-NDUOqMl7d9wLqDDCVz0Y6/view
HEX3[3],PIN_AA21,3.3-V LVTTL,JP6=3.3V,https://drive.google.com/file/d/1oxiqKtVPTX-NDUOqMl7d9wLqDDCVz0Y6/view
HEX3[4],PIN_AD24,3.3-V LVTTL,JP6=3.3V,https://drive.google.com/file/d/1oxiqKtVPTX-NDUOqMl7d9wLqDDCVz0Y6/view
HEX3[5],PIN_AF23,3.3-V LVTTL,JP6=3.3V,https://drive.google.com/file/d/1oxiqKtVPTX-NDUOqMl7d9wLqDDCVz0Y6/view
HEX3[6],PIN_Y19,3.3-V LVTTL,JP6=3.3V,https://drive.google.com/file/d/1oxiqKtVPTX-NDUOqMl7d9wLqDDCVz0Y6/view
HEX4[0],PIN_AB19,3.3-V LVTTL,JP6=3.3V,https://drive.google.com/file/d/1oxiqKtVPTX-NDUOqMl7d9wLqDDCVz0Y6/view
HEX4[1],PIN_AA19,3.3-V LVTTL,JP6=3.3V,https://drive.google.com/file/d/1oxiqKtVPTX-NDUOqMl7d9wLqDDCVz0Y6/view
HEX4[2],PIN_AG21,3.3-V LVTTL,JP6=3.3V,https://drive.google.com/file/d/1oxiqKtVPTX-NDUOqMl7d9wLqDDCVz0Y6/view
HEX4[3],PIN_AH21,3.3-V LVTTL,JP6=3.3V,https://drive.google.com/file/d/1oxiqKtVPTX-NDUOqMl7d9wLqDDCVz0Y6/view
HEX4[4],PIN_AE19,3.3-V LVTTL,JP6=3.3V,https://drive.google.com/file/d/1oxiqKtVPTX-NDUOqMl7d9wLqDDCVz0Y6/view
HEX4[5],PIN_AF19,3.3-V LVTTL,JP6=3.3V,https://drive.google.com/file/d/1oxiqKtVPTX-NDUOqMl7d9wLqDDCVz0Y6/view
HEX4[6],PIN_AE18,3.3-V LVTTL,JP6=3.3V,https://drive.google.com/file/d/1oxiqKtVPTX-NDUOqMl7d9wLqDDCVz0Y6/view
HEX5[0],PIN_AD18,3.3-V LVTTL,JP6=3.3V,https://drive.google.com/file/d/1oxiqKtVPTX-NDUOqMl7d9wLqDDCVz0Y6/view
HEX5[1],PIN_AC18,3.3-V LVTTL,JP6=3.3V,https://drive.google.com/file/d/1oxiqKtVPTX-NDUOqMl7d9wLqDDCVz0Y6/view
HEX5[2],PIN_AB18,3.3-V LVTTL,JP6=3.3V,https://drive.google.com/file/d/1oxiqKtVPTX-NDUOqMl7d9wLqDDCVz0Y6/view
HEX5[3],PIN_AH19,3.3-V LVTTL,JP6=3.3V,https://drive.google.com/file/d/1oxiqKtVPTX-NDUOqMl7d9wLqDDCVz0Y6/view
HEX5[4],PIN_AG19,3.3-V LVTTL,JP6=3.3V,https://drive.google.com/file/d/1oxiqKtVPTX-NDUOqMl7d9wLqDDCVz0Y6/view
HEX5[5],PIN_AF18,3.3-V LVTTL,JP6=3.3V,https://drive.google.com/file/d/1oxiqKtVPTX-NDUOqMl7d9wLqDDCVz0Y6/view
HEX5[6],PIN_AH18,3.3-V LVTTL,JP6=3.3V,https://drive.google.com/file/d/1oxiqKtVPTX-NDUOqMl7d9wLqDDCVz0Y6/view
HEX6[0],PIN_AA17,3.3-V LVTTL,JP6=3.3V,https://drive.google.com/file/d/1oxiqKtVPTX-NDUOqMl7d9wLqDDCVz0Y6/view
HEX6[1],PIN_AB16,3.3-V LVTTL,JP6=3.3V,https://drive.google.com/file/d/1oxiqKtVPTX-NDUOqMl7d9wLqDDCVz0Y6/view
HEX6[2],PIN_AA16,3.3-V LVTTL,JP6=3.3V,https://drive.google.com/file/d/1oxiqKtVPTX-NDUOqMl7d9wLqDDCVz0Y6/view
HEX6[3],PIN_AB17,3.3-V LVTTL,JP6=3.3V,https://drive.google.com/file/d/1oxiqKtVPTX-NDUOqMl7d9wLqDDCVz0Y6/view
HEX6[4],PIN_AB15,3.3-V LVTTL,JP6=3.3V,https://drive.google.com/file/d/1oxiqKtVPTX-NDUOqMl7d9wLqDDCVz0Y6/view
HEX6[5],PIN_AA15,3.3-V LVTTL,JP6=3.3V,https://drive.google.com/file/d/1oxiqKtVPTX-NDUOqMl7d9wLqDDCVz0Y6/view
HEX6[6],PIN_AC17,3.3-V LVTTL,JP6=3.3V,https://drive.google.com/file/d/1oxiqKtVPTX-NDUOqMl7d9wLqDDCVz0Y6/view
HEX7[0],PIN_AD17,3.3-V LVTTL,JP6=3.3V,https://drive.google.com/file/d/1oxiqKtVPTX-NDUOqMl7d9wLqDDCVz0Y6/view
HEX7[1],PIN_AE17,3.3-V LVTTL,JP6=3.3V,https://drive.google.com/file/d/1oxiqKtVPTX-NDUOqMl7d9wLqDDCVz0Y6/view
HEX7[2],PIN_AG17,3.3-V LVTTL,JP6=3.3V,https://drive.google.com/file/d/1oxiqKtVPTX-NDUOqMl7d9wLqDDCVz0Y6/view
HEX7[3],PIN_AH17,3.3-V LVTTL,JP6=3.3V,https://drive.google.com/file/d/1oxiqKtVPTX-NDUOqMl7d9wLqDDCVz0Y6/view
HEX7[4],PIN_AF17,3.3-V LVTTL,JP6=3.3V,https://drive.google.com/file/d/1oxiqKtVPTX-NDUOqMl7d9wLqDDCVz0Y6/view
HEX7[5],PIN_AG18,3.3-V LVTTL,JP6=3.3V,https://drive.google.com/file/d/1oxiqKtVPTX-NDUOqMl7d9wLqDDCVz0Y6/view
HEX7[6],PIN_AA14,3.3-V LVTTL,fixo,https://drive.google.com/file/d/1oxiqKtVPTX-NDUOqMl7d9wLqDDCVz0Y6/view
